{
    "detection": {
        "_imageDims": {
            "_width": 640,
            "_height": 480
        },
        "_score": 0.7835111021995544,
        "_classScore": 0.7835111021995544,
        "_className": "",
        "_box": {
            "_x": 302.122745513916,
            "_y": 50.086355209350586,
            "_width": 197.54423141479492,
            "_height": 225.06379127502439
        }
    },
    "expressions": {
        "neutral": 0.9980602860450745,
        "happy": 0.0005948653561063111,
        "sad": 4.512638770393096e-05,
        "angry": 5.550938567466801e-06,
        "fearful": 4.669487366215641e-11,
        "disgusted": 3.1122410746320384e-06,
        "surprised": 0.0012909891083836555
    }
}